Afritt,Barack,1,1A
Auboisdormant,Abel,1,1A
Balmaske,Alonzo,1,1A
Bu,Amede,1,1A
Cape,Andy,1,1A
Ceouver,Andre,1,1A
Danlmur,Alphonse,1,1A
Don,Eddy,1,1A
Eha,Aline,1,1A
Epahinteresse,Gael,1,1A
Epan,Ahmed ,1,1A
Gator,Ali,1,1A
Haba,Bart,1,1A
Hannibal,Farid,1,1A
Kepoura,Adrienne ,1,1A 
Lazare,Garcin,1,1A
Naline,Andre,1,1A
Onette,Camille,1,1A
Provist,Alain,1,1A
Terieur,Alex,1,1B
Tomie,Anna,1,1B
Troijours,Adam,1,1B
Verse,Alain,1,1B
Zole,Camille,1,1B
Delune,Claire,1,1B
Ade,Jeremy,1,1B
Age,Marie,1,1B
Agere,Tex,1,1B
Akepourlui,Yann,1,1B
Alamaternite,Ines,1,1B
Alapatte,Phil,1,1B
Alatete,Djamal,1,1B
Alors,Berthe,1,1B
Amo,Nadine,1,1B
Annamour,Fidele,1,1B
Atefesse,Edgard,1,1B
Ateur,Nordine,1,1B
Bambel,Larry,1,1B
Bambois,Jean,1,1B
Bar,Jo,2,2A
Bien,Samira,2,2A
Bienhu,Ella ,2,2A
Bonnaud,Jean,2,2A
Boreale,Aurore,2,2A
Cekilepamor,Sylvie,2,2A
Celert,Jacques ,2,2A
Cepacare,Ciceron,2,2A
Che,Scott,2,2A
Chezmoi,Vivien,2,2A
Chmonfils,Thierry,2,2A
Chtron,Paul,2,2A
Cochet,Henri,2,2A
Codesecret,Philemon,2,2A
Commandements,Lydie,2,2A
Connerie,Aretha,2,2A
Cover,Harry,2,2A
Croche,Sarah,2,2A
Cruxiforme,Elvis,2,2A
Dalors,Omer,2,2A
Danloss,Ella ,2,2B
Danstepense,Julie,2,2B
Declasse,Emmanuelle,2,2B
Dehors,Igor,2,2B
Dejeu,Bernadette,2,2B
Delegum,Julienne,2,2B
Deray,Odile,2,2B
Desmuguets,Ivan,2,2B
Desrata,Daisy,2,2B
Dicule,Terry,2,2B
Diote,Kelly,2,2B
Dit,Leon,2,2B
Ditee,Lucie,2,2B
Dort,Louis,2,2B
Dubois,Yvan,2,2B
Dustriel,Firmin,2,2B
Ebon,Sylvain,2,2B
Edubois,Laure ,2,2B
Egerie,Tom,2,2B
Emmaus,Mick,2,2B
Enbave,Yvon,3,3A
Enperte,Melusine,3,3A
Eperil,Asterix,3,3A
Erateur,Maude,3,3A
Ere,Axel,3,3A
Evitable,Line,3,3A
Fasol,Remy,3,3A
Febienlechose,Lazare,3,3A
Ferrance,Sandy,3,3A
Fiant,Lenny,3,3A
Fils,Edmond,3,3A
Frigo,Romeo,3,3A
Geley,Ima,3,3A
Gina,Laurent,3,3A
Glace,Brice,3,3A
Glier,Hassan,3,3A
Golade,Larry,3,3A
Gole,Henri,3,3A
Golo,Thierry,3,3A
Graf,Otto,3,3A
Gratte,Sam,3,3B
Hagine,Tim,3,3B
Hanien,Rod,3,3B
Hawack,Tom,3,3B
Hemique,Paul,3,3B
Hencor,Henri,3,3B
Henett,Claire,3,3B
Hepipioli,Jeff,3,3B
Heron,Yves,3,3B
Hesotte,Eric,3,3B
Hibulaire,Pat,3,3B
Hic,Hyppolite,3,3B
Hique,Cyril,3,3B
Ho,Bob,3,3B
Hochet,Eric,3,3B
Horouge,Elvire,3,3B
Houtan,Laurent,3,3B
Hule,Jules,3,3B
Hutte,Sacha,3,3B
Hyere,Claire,3,3B
Hymome,Max,4,4A
Hytte,Prosper,4,4A
Ileosud,Eleonore,4,4A
Itmieu,Elmer,4,4A
Javel,Aude,4,4A
Kaderate,Yamamoto,4,4A
Kan,Jerry,4,4A
Kelpeuv,Aphonse,4,4A
Kiki,Terry,4,4A
Kilo,Sandy,4,4A
Kiroul,Pierre,4,4A
Kueleslieux,Eva,4,4A
Lacour,Martial,4,4A
Lapeche,Ella ,4,4A
Lapoubelle,Ovide,4,4A
Ledivinenfant,Irenee,4,4A
Louest,Thea,4,4A
Lutfinale,Sheila,4,4A
Male,Annie,4,4A
Manvussa,Gerard,4,4A
Masse,Lara,4,4B
Mendufric,Gerard,4,4B
Micoton,Milene,4,4B
Monlatin,Gilbert,4,4B
Mou,Karl Amel,4,4B
Nainportekoi,Teddy,4,4B
Nemard,Jean,4,4B
Nicouverture,Sandra,4,4B
Ochon,Paul,4,4B
Orial,Edith,4,4B
Ottension,Line,4,4B
Ottofraize,Charles,4,4B
Ouzi,Jacques ,4,4B
Pacesoir,Zinedine,4,4B
Parbal,Gilles,4,4B
Parleurnom,Isabelle,4,4B
Parminou,Bienvenue,4,4B
Pelle,Sarah,4,4B
Pique,Sam,4,4B
Ponce,Pierre ,4,4B
Ponse,Ray,5,5A
Porte,Mateo,5,5A
Prochain,Edmond,5,5A
Ptipeu,Justin,5,5A
Raton,Candy,5,5A
Rave,Beth,5,5A
Registre,Jean,5,5A
Regret,Pat,5,5A
Reloin,Pat,5,5A
Rien,Jenifer,5,5A
Sagescolaire,Rhama ,5,5A
Sahalor,Aubin,5,5A
Saintmichel,Edmond,5,5A
Sens,Renee,5,5A
Sterole,Colette,5,5A
Talo,Armand,5,5A
Tar,Guy,5,5A
Tatouille,Lara,5,5A
Tecenfote,Dick,5,5A
Temmen,Parfait,5,5A
Tiblanche,Laure ,5,5B
Tim,Marie,5,5B
Tine,Clement,5,5B
Touille,Sacha,5,5B
Toullemonde,Pacome,5,5B
Trahuile,Phil,5,5B
Tremblay,Yvon,5,5B
Tu,Candy,5,5B
Use,Jacques,5,5B
Ution,Paul,5,5B
Vapartout,Yves,5,5B
Versaire,Annie,5,5B
Vesselle,Aude,5,5B
Veuplu,John ,5,5B
Vienplus,Rony,5,5B
Viere,Marie,5,5B
Vigote,Sarah,5,5B
Voirremerci,Laure ,5,5B
Yiotine,Guy,5,5B
Za,Pit,5,5B